{"totalEfectivo":2003472.4499999993,"totalDolares":175590,"totalTCredito":2084733.5999999999,"totalAmex":151653.31,"totalPropina":72120.42,"totalGastos":15239.9,"granTotal":4472329.88}